xcen,ycen,depth,dVol,xcen_2,ycen_2,depth_2,dVol_2
4.2742349e+05,4.5210761e+06,5.1910060e+03,1.3119522e+06,4.2618255e+05,4.5187506e+06,2.4312029e+03,4.5658902e+06
