xcen,xcen_sigma,ycen,ycen_sigma,depth,depth_sigma,dVol,dVol_sigma
4.2630228e+05,1.2289630e+01,4.5187613e+06,1.2849418e+01,2.7207661e+03,2.8162496e+01,5.4517620e+06,9.3260971e+04
