xcen,ycen,depth,dVol
4.2631826e+05,4.5187648e+06,2.7044438e+03,5.4026455e+06
